{"_step":1319,"final/gsm8k_accuracy":0.030326004548900682,"_timestamp":1.767305912866685e+09,"final/gsm8k_total":1319,"gsm8k/correct":0,"gsm8k/accuracy":0.030326004548900682,"final/gsm8k_correct":40,"_wandb":{"runtime":61164},"_runtime":61164,"gsm8k/total":1319}