{"train/loss":0.8427,"train/global_step":10,"train/grad_norm":1.150406002998352,"_step":0,"_runtime":31,"train/learning_rate":2.1276595744680853e-06,"_timestamp":1.7672434414460983e+09,"train/epoch":0.0032,"_wandb":{"runtime":31}}