{"eval/main":0.9019607843137255,"eval/samples_per_second":310.501,"train_steps_per_second":2.839,"train/global_step":2300,"eval/best_main":0.9093137254901961,"_wandb":{"runtime":811},"train/train/vib_component_logvar":-2.302299976348877,"train/loss":0.5177,"train/train/vib_component_sigma2":0.10009194165468216,"trainable_percentage":0.8121740627367846,"trainable_params":1510106,"train/train/latent_stab_raw":0.40071630477905273,"eval/accuracy":0.9019607843137255,"train/train/latent_stab_weighted":0.40071630477905273,"train/train/const_raw":0.00019500218331813812,"eval/steps_per_second":9.893,"train/train/vib_weighted":0.07827135920524597,"_timestamp":1.7679635937338326e+09,"best_accuracy":0.9093137254901961,"train_loss":0.6681149855903957,"train_runtime":810.2864,"train/train/vib_raw":0.7827135920524597,"_runtime":811,"train/learning_rate":0,"train/train/ce_loss":0.0011862812098115683,"train/epoch":20,"train/train/const_weighted":1.9500219423207454e-05,"eval/f1":0.9293286219081273,"eval/loss":0.4707120954990387,"train_samples_per_second":90.536,"total_flos":0,"_step":2300,"train/grad_norm":0.027696294710040092,"eval/runtime":1.314,"train/train/vib_component_mu2":0.1630353480577469,"all_params":185933788}