{"_step":2300,"eval/f1":0.8053244592346089,"all_params":186017500,"train_samples_per_second":120.344,"eval/best_main":0.7132352941176471,"eval/samples_per_second":645.466,"train/train/vib_raw":2.382676601409912,"_runtime":610,"train/train/vib_component_logvar":-5.6695942878723145,"eval/accuracy":0.7132352941176471,"_wandb":{"runtime":610},"train/global_step":2300,"train/train/vib_component_mu2":0.09230292588472366,"train/train/latent_stab_weighted":0.013836723752319813,"train/train/vib_weighted":0.2382676601409912,"eval/main":0.7132352941176471,"eval/loss":0.6041708588600159,"train/train/vib_component_sigma2":0.0034557662438601255,"train/loss":0.7661,"train/learning_rate":0,"train/epoch":20,"train/train/const_weighted":0.0013118116185069084,"train_steps_per_second":3.773,"train/grad_norm":2.141613245010376,"_timestamp":1.767970058374989e+09,"train/train/const_raw":0.013118116185069084,"eval/steps_per_second":20.566,"trainable_params":1593818,"train/train/ce_loss":0.41361236572265625,"train_runtime":609.5851,"train/train/latent_stab_raw":0.013836723752319813,"train_loss":0.8455851619139961,"eval/runtime":0.6321,"best_accuracy":0.7132352941176471,"trainable_percentage":0.8568107839316194,"total_flos":0}