{"_runtime":27860,"train/train/vib_sigma2":0.057534076273441315,"_timestamp":1.767974893301829e+09,"all_params":3849986048,"train_samples_per_second":3.59,"train/train/latent_stab_weighted":0.2302047610282898,"train/train/vib_weighted":5.079405784606934,"train/train/const_weighted":0.00023208851052913815,"train_steps_per_second":0.224,"_wandb":{"runtime":27860},"train_runtime":27854.3748,"train/epoch":1,"train/train/ce_loss":6.355744062602753e-06,"_step":625,"train_loss":7.565843216552734,"train/learning_rate":0,"trainable_percentage":9.07985420314957,"train/train/vib_logvar":-2.9106380939483643,"train/train/vib_mu2":8.190640449523926,"trainable_params":349573120,"train/grad_norm":0.0006772712804377079,"total_flos":0,"train/loss":8.5378,"train/global_step":6250}