{"gsm8k/accuracy":0,"gsm8k/total":10,"_wandb":{"runtime":437},"_runtime":437.714649358,"_timestamp":1.7672447153572874e+09,"_step":10,"gsm8k/correct":0}