{"train_samples_per_second":149.056,"train/train/vib_component_mu2":0.14196085929870605,"train/loss":0.2975,"_wandb":{"runtime":493},"all_params":185849492,"eval/runtime":0.5965,"eval/samples_per_second":683.956,"trainable_params":1425810,"eval/accuracy":0.9068627450980392,"eval/main":0.9068627450980392,"_timestamp":1.7679614741888328e+09,"total_flos":0,"_step":2300,"train_loss":0.4196939767961917,"trainable_percentage":0.7671853092824166,"train/train/vib_raw":2.419891834259033,"train/train/latent_stab_raw":0.013496538624167442,"train/global_step":2300,"train_steps_per_second":4.673,"eval/f1":0.9330985915492958,"eval/loss":0.5195502638816833,"train/train/const_raw":0.00022731391072738916,"train/train/vib_component_logvar":-5.694451332092285,"train/learning_rate":0,"train/epoch":20,"best_accuracy":0.9117647058823529,"train/train/vib_weighted":0.24198918044567108,"eval/steps_per_second":21.793,"train_runtime":492.1645,"train/train/const_weighted":2.2731392164132558e-05,"eval/best_main":0.9117647058823529,"train/grad_norm":0.029634686186909676,"train/train/ce_loss":0.0007756241247989237,"_runtime":493,"train/train/latent_stab_weighted":0.013496538624167442,"train/train/vib_component_sigma2":0.0033713881857693195}