{"best_accuracy":0.9044117647058824,"eval/f1":0.9263157894736842,"trainable_params":1510106,"train/train/ce_loss":0.0019279795233160257,"trainable_percentage":0.8121740627367846,"train/grad_norm":0.03368841111660004,"train_steps_per_second":3.615,"_runtime":637,"train_runtime":636.1885,"all_params":185933788,"_wandb":{"runtime":637},"train/train/vib_component_sigma2":0.0034229811280965805,"eval/runtime":0.6751,"train/train/vib_raw":2.5008277893066406,"train/learning_rate":0,"train/train/vib_weighted":0.250082790851593,"_timestamp":1.7680348016831899e+09,"train/train/latent_stab_raw":0.01370388176292181,"train/train/vib_component_mu2":0.3172757625579834,"train/global_step":2300,"train/train/const_raw":0.0002980693243443966,"eval/main":0.8970588235294118,"eval/loss":0.522169291973114,"total_flos":0,"eval/steps_per_second":19.257,"eval/best_main":0.9044117647058824,"train/train/latent_stab_weighted":0.01370388176292181,"train_loss":0.4138568707134413,"train_samples_per_second":115.312,"train/loss":0.282,"eval/samples_per_second":604.383,"_step":2300,"train/train/const_weighted":2.98069335258333e-05,"eval/accuracy":0.8970588235294118,"train/epoch":20,"train/train/vib_component_logvar":-5.680956840515137}