{"train/epoch":20,"train/train/vib_raw":1.694151520729065,"train_samples_per_second":114.065,"trainable_percentage":0.8121740627367846,"best_accuracy":0.9093137254901961,"train/learning_rate":0,"train/loss":0.2789,"train_loss":0.37318483798400215,"train_steps_per_second":3.576,"_timestamp":1.767963958975266e+09,"_runtime":644,"trainable_params":1510106,"eval/samples_per_second":597.875,"train/train/latent_stab_weighted":0.058600202202796936,"train/train/latent_stab_raw":0.058600202202796936,"eval/accuracy":0.8946078431372549,"train/train/ce_loss":0.0015410792548209429,"eval/best_main":0.9093137254901961,"train/train/vib_component_sigma2":0.014638551510870457,"eval/main":0.8946078431372549,"train/global_step":2300,"train/train/vib_component_mu2":0.14863698184490204,"train/train/vib_component_logvar":-4.225028038024902,"eval/loss":0.49220702052116394,"eval/f1":0.9246935201401051,"train/grad_norm":0.02793773077428341,"_step":2300,"eval/steps_per_second":19.05,"train/train/vib_weighted":0.1694151610136032,"train_runtime":643.1436,"total_flos":0,"_wandb":{"runtime":644},"train/train/const_raw":0.00016457085439469665,"eval/runtime":0.6824,"train/train/const_weighted":1.6457086530863307e-05,"all_params":185933788}