{"train/grad_norm":1.1426652669906616,"train/global_step":10,"_runtime":31,"train/learning_rate":2.1276595744680853e-06,"_step":0,"_wandb":{"runtime":31},"train/epoch":0.0032,"_timestamp":1.767174672059342e+09,"train/loss":0.8444}