{"train_samples_per_second":115.975,"train/train/vib_component_logvar":-5.686940670013428,"_step":2300,"train/train/vib_weighted":0.25188320875167847,"train/train/ce_loss":0.0015107368817552924,"train/train/vib_component_mu2":0.3473193049430847,"train/train/latent_stab_raw":0.01362921204417944,"train_runtime":632.5519,"eval/runtime":0.6738,"train/global_step":2300,"eval/accuracy":0.8970588235294118,"_runtime":633,"all_params":185933788,"eval/loss":0.5050535202026367,"_timestamp":1.7680525464474826e+09,"train/grad_norm":0.03305022045969963,"total_flos":0,"train/train/vib_component_sigma2":0.0034043919295072556,"eval/main":0.8970588235294118,"eval/f1":0.9265734265734266,"train/train/const_raw":0.00023581692948937416,"trainable_percentage":0.8121740627367846,"train_loss":0.43101001780966053,"eval/samples_per_second":605.558,"eval/best_main":0.9117647058823529,"train/epoch":20,"trainable_params":1510106,"eval/steps_per_second":19.295,"best_accuracy":0.9117647058823529,"train/train/vib_raw":2.518831968307495,"train/learning_rate":0,"_wandb":{"runtime":633},"train_steps_per_second":3.636,"train/loss":0.2908,"train/train/latent_stab_weighted":0.01362921204417944,"train/train/const_weighted":0.00023581692948937416}