{"_runtime":566.12448495,"_step":11,"question_index":11,"tokens_per_sec":8.621295514197444,"api_time":2.0042223930358887,"generation_time":63.911508321762085,"num_tokens":551,"_wandb":{"runtime":566},"_timestamp":1.767330668959396e+09}