{"_timestamp":1.7679345322537916e+09,"train/train/const_raw":0.00035133722121827304,"train/train/vib_component_logvar":-5.66004753112793,"train/train/vib_weighted":0.24445806443691254,"train/train/latent_stab_raw":0.014028075151145458,"train/train/latent_stab_weighted":0.014028075151145458,"eval/main":0.8897058823529411,"train/global_step":2300,"eval/f1":0.9222797927461139,"train/learning_rate":0,"eval/samples_per_second":673.421,"train/train/vib_raw":2.444580554962158,"train_runtime":561.8666,"train/loss":0.2713,"eval/loss":0.5192285180091858,"train_loss":0.43284770768621694,"total_flos":0,"trainable_params":1426394,"_step":2300,"eval/runtime":0.6059,"train_samples_per_second":130.565,"train/train/const_weighted":3.5133722121827304e-05,"train/train/vib_component_sigma2":0.003504606196656823,"train_steps_per_second":4.093,"train/train/vib_component_mu2":0.22560903429985046,"_runtime":563,"eval/best_main":0.9117647058823529,"train/grad_norm":0.055797599256038666,"eval/accuracy":0.8897058823529411,"all_params":185850076,"_wandb":{"runtime":563},"train/epoch":20,"train/train/ce_loss":0.0009382317657582462,"trainable_percentage":0.7674971303213242,"best_accuracy":0.9117647058823529,"eval/steps_per_second":21.457}