{"train/loss":0.2947,"train/train/const_weighted":1.992458237509709e-05,"best_accuracy":0.9093137254901961,"trainable_params":1510106,"eval/f1":0.9328621908127208,"eval/runtime":1.2072,"train_loss":0.4039360797923544,"train/learning_rate":0,"_wandb":{"runtime":702},"train/train/vib_component_sigma2":0.003440900705754757,"train/epoch":20,"train_samples_per_second":104.565,"train/grad_norm":0.03269268944859505,"total_flos":0,"_timestamp":1.7679629354767828e+09,"trainable_percentage":0.8121740627367846,"train/train/ce_loss":0.0016900275368243456,"eval/samples_per_second":337.983,"train/train/latent_stab_weighted":0.013775914907455444,"eval/accuracy":0.9068627450980392,"eval/main":0.9068627450980392,"train/train/const_raw":0.0001992458273889497,"eval/steps_per_second":10.769,"train_steps_per_second":3.278,"train/train/vib_weighted":0.24154901504516602,"train/train/vib_component_logvar":-5.675573348999023,"_runtime":702,"train/train/vib_raw":2.41549015045166,"_step":2300,"train_runtime":701.5762,"train/train/latent_stab_raw":0.013775914907455444,"all_params":185933788,"train/train/vib_component_mu2":0.1519658863544464,"eval/loss":0.4718886613845825,"train/global_step":2300,"eval/best_main":0.9093137254901961}