{"train/grad_norm":0.0001036900284816511,"_timestamp":1.768084602200282e+09,"train/global_step":6250,"train/train/latent_stab_weighted":0.011818421073257923,"train/train/vib_sigma2":0.002952737035229802,"train/epoch":1,"_step":625,"train/train/ce_loss":4.289483513275627e-06,"train/train/const_weighted":3.7276759030646645e-06,"train_samples_per_second":3.602,"train/train/vib_weighted":0.6758324503898621,"train_steps_per_second":0.225,"trainable_params":349573120,"all_params":3849986048,"trainable_percentage":9.07985420314957,"train/train/vib_logvar":-5.901378154754639,"_wandb":{"runtime":27770},"train/learning_rate":0,"train/loss":1.0338,"total_flos":0,"train_loss":1.0574525078582764,"_runtime":27770,"train/train/vib_mu2":8.612318992614746,"train_runtime":27764.2363}