{"train/train/const_loss":2.086166546177992e-07,"train/train/vib_loss":0,"_runtime":45293,"train_loss":0.7811047871053866,"train_samples_per_second":3.157,"train_runtime":45294.7211,"train/loss":0.6757,"train_steps_per_second":0.197,"train/train/ce_loss":0.5369926691055298,"train/global_step":8937,"train/grad_norm":1.525590419769287,"train/epoch":0.999944055944056,"total_flos":1.5170783926110126e+18,"_wandb":{"runtime":45293},"_timestamp":1.76766837941917e+09,"_step":893,"train/learning_rate":3.2183093835458365e-11}