{"_runtime":26255,"train_steps_per_second":0.681,"train_loss":2.447103069492153,"_timestamp":1.767433672764927e+09,"train/epoch":1,"_step":1787,"train/loss":1.0917,"train_runtime":26257.1298,"train_samples_per_second":5.446,"total_flos":1.3851955844234609e+18,"train/learning_rate":1.0260103461279257e-12,"train/global_step":17875,"_wandb":{"runtime":26255},"train/grad_norm":1.2510772943496704}