{"_timestamp":1.7677812291231134e+09,"train/loss/vib":786.801513671875,"train/epoch":0.4318881118881119,"train/train/vib_loss":0,"train/train/const_loss":0,"_step":3481,"train/loss/ce":0.7424269914627075,"train/loss/latent_stab":0.008752766065299511,"_runtime":20857,"train/global_step":3860,"train/grad_norm":0.9328354001045227,"train/loss/const":0.03166377544403076,"train/loss":4.8354,"train/train/ce_loss":0,"train/learning_rate":3.165117069206375e-05,"_wandb":{"runtime":20857}}