{"train/loss":0.3174,"_wandb":{"runtime":554},"eval/loss":0.5246677398681641,"eval/main":0.8946078431372549,"eval/accuracy":0.8946078431372549,"_runtime":554,"train/train/const_weighted":0.02032402902841568,"train/grad_norm":12.265545845031738,"train_samples_per_second":132.663,"train/learning_rate":0,"train/train/vib_component_mu2":0.24461452662944794,"_step":2300,"train_loss":0.44910685300827025,"train/train/vib_weighted":0.2460220605134964,"eval/samples_per_second":666.892,"_timestamp":1.7679345217153592e+09,"train/epoch":20,"train/train/vib_raw":2.4602205753326416,"train/train/ce_loss":0.06815872341394424,"train/train/latent_stab_weighted":0.01386585645377636,"total_flos":0,"train_steps_per_second":4.159,"train_runtime":552.9808,"train/train/latent_stab_raw":0.01386585645377636,"train/train/const_raw":0.2032402902841568,"best_accuracy":0.8995098039215687,"train/train/vib_component_sigma2":0.003459038445726037,"eval/steps_per_second":21.249,"eval/runtime":0.6118,"trainable_percentage":0.7674971303213242,"eval/f1":0.9233511586452763,"train/global_step":2300,"all_params":185850076,"train/train/vib_component_logvar":-5.672368049621582,"eval/best_main":0.8995098039215687,"trainable_params":1426394}