{"train/train/ce_loss":0.0015034554526209831,"eval/steps_per_second":19.181,"train_loss":0.41832307691159454,"train/train/vib_raw":2.507025718688965,"train/train/const_weighted":0.00027683418011292815,"eval/loss":0.5222404599189758,"eval/best_main":0.9068627450980392,"train_steps_per_second":3.628,"_step":2300,"eval/runtime":0.6777,"eval/main":0.8995098039215687,"all_params":185933788,"eval/samples_per_second":601.993,"_timestamp":1.7680507386332705e+09,"trainable_params":1510106,"train/train/vib_component_sigma2":0.0033614630810916424,"train/train/latent_stab_weighted":0.013458379544317722,"eval/accuracy":0.8995098039215687,"train/train/vib_component_mu2":0.31276583671569824,"train/learning_rate":0,"train/train/vib_weighted":0.2507025897502899,"eval/f1":0.9279437609841827,"_runtime":635,"train/train/const_raw":0.00027683418011292815,"train/loss":0.3016,"total_flos":0,"train_runtime":633.952,"train/global_step":2300,"train/train/latent_stab_raw":0.013458379544317722,"train/epoch":20,"train_samples_per_second":115.719,"best_accuracy":0.9068627450980392,"trainable_percentage":0.8121740627367846,"_wandb":{"runtime":635},"train/train/vib_component_logvar":-5.6979241371154785,"train/grad_norm":0.03423306718468666}