{"train/loss":0.3332,"train/learning_rate":0,"eval/loss":0.38622578978538513,"eval/steps_per_second":21.713,"eval/main":0.8897058823529411,"eval/accuracy":0.8897058823529411,"eval/best_main":0.9240196078431373,"train/train/const_raw":0.0005667563527822495,"train/train/vib_component_logvar":-5.673966407775879,"train/train/vib_weighted":0.25101974606513977,"train/train/vib_component_mu2":0.3429659903049469,"trainable_params":1426394,"_wandb":{"runtime":543},"train/train/vib_component_sigma2":0.003462260589003563,"train/grad_norm":0.5592682361602783,"train/global_step":2300,"_timestamp":1.768055305478286e+09,"train_runtime":541.981,"eval/runtime":0.5987,"best_accuracy":0.9240196078431373,"train/train/vib_raw":2.510197401046753,"train/train/latent_stab_weighted":0.013856835663318634,"eval/f1":0.9211908931698775,"_runtime":543,"total_flos":0,"train/train/ce_loss":0.010516882874071598,"train/train/const_weighted":0.0005667563527822495,"train_steps_per_second":4.244,"train_loss":0.5546607170934262,"train_samples_per_second":135.355,"train/epoch":20,"all_params":185850076,"train/train/latent_stab_raw":0.013856835663318634,"_step":2300,"eval/samples_per_second":681.46,"trainable_percentage":0.7674971303213242}