{"train/loss/ce":0.13832026720046997,"train/global_step":6250,"train/train/ce_loss":0,"train/epoch":1,"train_loss":0.4683272395324707,"_wandb":{"runtime":46329},"train_runtime":46331.4556,"train/train/vib_loss":0,"train/loss":0.4742,"train/learning_rate":0,"train/train/const_loss":0,"_runtime":46329,"train/loss/vib":488.14324951171875,"train/loss/latent_stab":0.009534936398267746,"train/loss/const":0.01639518514275551,"train_samples_per_second":2.158,"train_steps_per_second":0.135,"train/grad_norm":0.5331708788871765,"total_flos":1.418336782956626e+18,"_step":5625,"_timestamp":1.7678563129970222e+09}