{"_timestamp":1.7677110275709531e+09,"_wandb":{"runtime":3611},"_runtime":3611.989620488,"_step":80,"avg_score":0}