{"_runtime":23083.613160776,"_step":1000,"gsm8k/accuracy":0.033,"_timestamp":1.7680567776064734e+09,"_wandb":{"runtime":23083}}