{"question_index":80,"generation_time":50.734092473983765,"avg_score":0,"_step":80,"num_tokens":537,"_runtime":3651.735053709,"_wandb":{"runtime":3651},"_timestamp":1.76769017455934e+09,"tokens_per_sec":10.584598517759462}