{"_timestamp":1.7679719411226778e+09,"eval/runtime":0.6003,"train/grad_norm":0.6989513039588928,"eval/loss":0.5065776109695435,"train/global_step":1820,"train/loss":0.3259,"eval/accuracy":0.8848039215686274,"trainable_params":1426394,"_step":1734,"train/train/vib_raw":2.467618703842163,"_runtime":435,"trainable_percentage":0.7674971303213242,"_wandb":{"runtime":435},"train/train/ce_loss":0.011182090267539024,"eval/f1":0.9179755671902269,"train/train/vib_component_sigma2":0.0034268368035554886,"eval/best_main":0.9117647058823529,"train/learning_rate":6.260869565217391e-05,"all_params":185850076,"train/train/const_raw":0.013827851042151451,"train/train/latent_stab_raw":0.013680270873010159,"train/train/vib_component_logvar":-5.682007789611816,"eval/samples_per_second":679.674,"eval/steps_per_second":21.656,"eval/main":0.8848039215686274,"train/epoch":15.826086956521738,"train/train/latent_stab_weighted":0.013680270873010159,"train/train/vib_component_mu2":0.24980348348617554,"train/train/vib_weighted":0.24676187336444855,"train/train/const_weighted":0.0013827851507812738}