{"_step":2300,"train/train/vib_weighted":0.248928502202034,"train/global_step":2300,"train_samples_per_second":129.091,"eval/runtime":0.646,"train/train/const_weighted":0.02057666890323162,"train_loss":0.6560520511088164,"train/train/vib_component_logvar":-5.677417278289795,"total_flos":0,"train/learning_rate":0,"train/train/latent_stab_weighted":0.013752012513577938,"eval/steps_per_second":20.124,"train/train/vib_component_mu2":0.29771527647972107,"trainable_percentage":10.459699522306547,"all_params":205967236,"best_accuracy":0.8382352941176471,"train/epoch":20,"train/train/ce_loss":0.2285652905702591,"train/train/latent_stab_raw":0.013752012513577938,"train/train/const_raw":0.2057666778564453,"eval/main":0.8382352941176471,"train_steps_per_second":4.047,"train/train/vib_component_sigma2":0.0034368829801678658,"_runtime":569,"train/train/vib_raw":2.4892849922180176,"_wandb":{"runtime":569},"train/loss":0.403,"eval/best_main":0.8382352941176471,"trainable_params":21543554,"eval/f1":0.8862068965517241,"train_runtime":568.281,"eval/loss":0.5646414160728455,"eval/samples_per_second":631.571,"eval/accuracy":0.8382352941176471,"_timestamp":1.7679346830526493e+09,"train/grad_norm":6.8429646492004395}