{"train/train/vib_weighted":0,"train_runtime":27353.4815,"total_flos":0,"_runtime":27359,"_wandb":{"runtime":27359},"train/train/vib_logvar":-5.870390892028809,"train/train/const_weighted":0,"_timestamp":1.7681390271144888e+09,"train/train/vib_sigma2":0.002950710477307439,"train/loss":0.0001,"trainable_percentage":9.07985420314957,"train/train/vib_mu2":9.666155815124512,"train/grad_norm":0.000829240947496146,"train_loss":0.4419782178790931,"all_params":3849986048,"train/learning_rate":2.1528678690041493e-10,"train/epoch":0.99968,"train/train/latent_stab_weighted":0,"train/global_step":781,"train/train/ce_loss":4.4513602915685624e-05,"_step":78,"trainable_params":349573120,"train_samples_per_second":3.656,"train_steps_per_second":0.029}