{"train_steps_per_second":0.138,"train/train/const_loss":5.217185616857023e-07,"_timestamp":1.767667678463356e+09,"_wandb":{"runtime":45430},"train/train/ce_loss":0.15542814135551453,"train/epoch":1,"train/grad_norm":0.8665485382080078,"_runtime":45430,"train/loss":0.2281,"_step":625,"train_runtime":45431.7595,"total_flos":1.4183309313321206e+18,"train/train/vib_loss":0,"train/learning_rate":0,"train_loss":0.23325790451049805,"train/global_step":6250,"train_samples_per_second":2.201}