{"train/train/vib_component_logvar":-5.674562931060791,"_step":2300,"train_loss":0.4090401011964549,"train_steps_per_second":4.088,"train/loss":0.2623,"train/train/vib_weighted":0.2435200959444046,"total_flos":0,"trainable_params":21543554,"_runtime":563,"eval/runtime":0.6499,"train/train/vib_raw":2.4352009296417236,"train/train/vib_component_sigma2":0.0034456506837159395,"eval/best_main":0.9191176470588235,"_wandb":{"runtime":563},"train/train/vib_component_mu2":0.19239290058612823,"train_samples_per_second":130.398,"trainable_percentage":10.459699522306547,"train/epoch":20,"best_accuracy":0.9191176470588235,"_timestamp":1.7679346744060452e+09,"train/train/const_weighted":1.7787371689337306e-05,"train/grad_norm":0.013384588062763214,"eval/loss":0.5554800033569336,"eval/steps_per_second":20.004,"eval/samples_per_second":627.823,"eval/main":0.8995098039215687,"train/train/const_raw":0.00017787372053135186,"train/learning_rate":0,"train/train/latent_stab_weighted":0.013780505396425724,"train/train/latent_stab_raw":0.013780505396425724,"train_runtime":562.5863,"train/train/ce_loss":0.0003130877739749849,"all_params":205967236,"eval/accuracy":0.8995098039215687,"train/global_step":2300,"eval/f1":0.927689594356261}