{"train/loss":1.4583,"train_runtime":42171.5131,"train_samples_per_second":10.173,"train_loss":2.344225327129406,"_runtime":42170,"train/global_step":26811,"train/grad_norm":1.501078486442566,"train_steps_per_second":0.636,"total_flos":4.155354436224418e+18,"_wandb":{"runtime":42170},"train/epoch":2.9998321678321678,"_timestamp":1.767363854614711e+09,"_step":2681,"train/learning_rate":1.8241587962375406e-14}