{"_step":312,"train/loss":0.247,"train/epoch":1,"train_samples_per_second":6.846,"total_flos":1.3745449101279887e+18,"_wandb":{"runtime":14605},"_timestamp":1.76738467737366e+09,"train_runtime":14606.9946,"_runtime":14605,"train_loss":0.2704178999328613,"train_steps_per_second":0.214,"train/grad_norm":0.6084129214286804,"train/learning_rate":1.342879096744021e-10,"train/global_step":3125}