{"trainable_percentage":9.07985420314957,"train_steps_per_second":0.028,"_timestamp":1.7681405959889147e+09,"train/loss":9.5956,"train/train/vib_logvar":-5.843564987182617,"train_runtime":27482.4007,"train/train/vib_sigma2":0.003099554916843772,"train/learning_rate":4.3057357380082985e-10,"_step":78,"train_loss":9.302093721992991,"train/grad_norm":0.0009142026538029313,"train/train/vib_weighted":9.484878540039062,"train/global_step":781,"train/train/latent_stab_weighted":0.012254682369530201,"train/epoch":0.99968,"train/train/vib_mu2":14.12309455871582,"total_flos":0,"train/train/ce_loss":2.7266043616691604e-05,"trainable_params":349573120,"train_samples_per_second":3.639,"all_params":3849986048,"train/train/const_weighted":9.274796320823953e-05,"_wandb":{"runtime":27488},"_runtime":27488}