{"_timestamp":1.7679756987234166e+09,"train/grad_norm":0.000650336965918541,"train/train/ce_loss":5.325828624336282e-06,"train/train/vib_weighted":0.047601889818906784,"train/train/const_weighted":2.7883623261004686e-05,"train/epoch":1,"_step":625,"all_params":3849986048,"train/global_step":6250,"train/train/vib_sigma2":0.15667860209941864,"train/loss":0.1551,"trainable_percentage":9.07985420314957,"train/train/vib_mu2":8.45415210723877,"train/train/latent_stab_weighted":0.06269674748182297,"train/train/vib_logvar":-1.9095479249954224,"train_loss":0.26372314291000365,"train/learning_rate":0,"train_runtime":27705.271,"trainable_params":349573120,"_runtime":27711,"total_flos":0,"train_steps_per_second":0.226,"_wandb":{"runtime":27711},"train_samples_per_second":3.609}