{"_timestamp":1.768113975115426e+09,"_step":78,"_runtime":1541.949497841,"_wandb":{"runtime":1541},"gsm8k/accuracy":0.01282051282051282}