{"_runtime":20680.559000409,"_step":1305,"gsm8k/correct":0,"gsm8k/accuracy":0.031417624521072794,"gsm8k/total":1305,"_timestamp":1.7677070986951277e+09,"_wandb":{"runtime":20680}}