{"train_steps_per_second":3.65,"all_params":185933788,"eval/loss":0.5068688988685608,"train/learning_rate":0,"train/train/vib_component_sigma2":0.003427013987675309,"eval/best_main":0.9044117647058824,"train/global_step":2300,"eval/main":0.8946078431372549,"_wandb":{"runtime":631},"train/train/latent_stab_raw":0.013720868155360222,"train/grad_norm":0.03731302171945572,"_step":2300,"eval/accuracy":0.8946078431372549,"train/train/vib_weighted":0.2499178946018219,"_timestamp":1.7680355203435335e+09,"train/train/vib_component_logvar":-5.679854869842529,"train_runtime":630.2135,"train_samples_per_second":116.405,"trainable_params":1510106,"total_flos":0,"train_loss":0.4149900626099628,"train/train/const_raw":0.0003457395068835467,"train/train/latent_stab_weighted":0.013720868155360222,"train/train/const_weighted":3.457394996075891e-05,"train/epoch":20,"trainable_percentage":0.8121740627367846,"eval/runtime":0.6757,"_runtime":631,"train/loss":0.3027,"train/train/vib_raw":2.499178886413574,"eval/f1":0.9244288224956063,"eval/steps_per_second":19.239,"train/train/vib_component_mu2":0.3150753676891327,"best_accuracy":0.9044117647058824,"train/train/ce_loss":0.002151121851056814,"eval/samples_per_second":603.823}