{"_runtime":2069.915006708,"_timestamp":1.7681509892993917e+09,"_step":105,"gsm8k/accuracy":0.01904761904761905,"_wandb":{"runtime":2069}}