{"train/train/const_weighted":0.0015812504570931196,"_runtime":27118,"train/train/vib_raw":1.07677925e+06,"train/train/const_raw":0.0015812504570931196,"_timestamp":1.7679214415072665e+09,"_step":625,"train/grad_norm":0.0016715892124921083,"_wandb":{"runtime":27118},"total_flos":0,"train/loss":24746.0438,"train_loss":19456.991876178436,"train/train/ce_loss":1.9182787582394667e-05,"train/train/latent_stab_weighted":0.05537668988108635,"train_steps_per_second":0.23,"train/global_step":6250,"train/epoch":1,"train/train/vib_weighted":107677.9296875,"train/train/latent_stab_raw":0.05537668988108635,"train_runtime":27120.4386,"train_samples_per_second":3.687,"train/learning_rate":0}