{"_runtime":19870,"gsm8k/accuracy":0.0310841546626232,"final/gsm8k_accuracy":0.0310841546626232,"_wandb":{"runtime":19870},"gsm8k/total":1319,"_timestamp":1.7675538696070733e+09,"final/gsm8k_correct":41,"final/gsm8k_total":1319,"_step":1319,"gsm8k/correct":0}