{"train/train/latent_stab_weighted":0.013940664008259773,"train/train/vib_raw":2.3774831295013428,"trainable_params":1593818,"train_steps_per_second":3.72,"total_flos":0,"best_accuracy":0.7132352941176471,"_wandb":{"runtime":619},"_runtime":619,"train/learning_rate":0,"eval/steps_per_second":20.619,"train_samples_per_second":118.663,"_timestamp":1.7679323764586804e+09,"eval/main":0.7058823529411765,"train_runtime":618.2216,"eval/runtime":0.6305,"train/train/vib_weighted":0.23774830996990204,"train/train/const_weighted":0.0010213276837021112,"eval/samples_per_second":647.123,"trainable_percentage":0.8568107839316194,"train/grad_norm":2.0284268856048584,"eval/loss":0.5974605679512024,"train/epoch":20,"train/train/ce_loss":0.6140648722648621,"train/train/latent_stab_raw":0.013940664008259773,"eval/f1":0.8107255520504731,"train/global_step":2300,"eval/best_main":0.7132352941176471,"train/loss":0.77,"eval/accuracy":0.7058823529411765,"_step":2300,"train_loss":0.8500204901073289,"train/train/const_raw":0.010213276371359825,"all_params":186017500}