{"_step":312,"total_flos":1.3745449101279887e+18,"_wandb":{"runtime":39297},"_timestamp":1.7673016570469048e+09,"train/loss":0.2485,"train/epoch":1,"train/global_step":3125,"train_runtime":39298.6311,"train_samples_per_second":2.545,"train/grad_norm":0.6054914593696594,"train/learning_rate":1.342879096744021e-10,"_runtime":39297,"train_steps_per_second":0.08,"train_loss":0.27164037425994875}