{"best_accuracy":0.9044117647058824,"total_flos":0,"train/train/vib_weighted":0.2499178946018219,"train_runtime":635.4831,"eval/loss":0.5068688988685608,"train/epoch":20,"eval/f1":0.9244288224956063,"_step":2300,"train/train/vib_component_sigma2":0.003427013987675309,"eval/steps_per_second":19.028,"_runtime":636,"train/global_step":2300,"train_loss":0.4149900626099628,"train/train/const_weighted":3.457394996075891e-05,"all_params":185933788,"eval/runtime":0.6832,"train/train/latent_stab_raw":0.013720868155360222,"train/train/vib_raw":2.499178886413574,"_timestamp":1.7680502000799484e+09,"train/train/ce_loss":0.002151121851056814,"train/train/const_raw":0.0003457395068835467,"eval/samples_per_second":597.198,"trainable_params":1510106,"eval/accuracy":0.8946078431372549,"eval/best_main":0.9044117647058824,"train_steps_per_second":3.619,"train_samples_per_second":115.44,"train/learning_rate":0,"train/train/latent_stab_weighted":0.013720868155360222,"train/grad_norm":0.03731302171945572,"train/loss":0.3027,"eval/main":0.8946078431372549,"train/train/vib_component_logvar":-5.679854869842529,"trainable_percentage":0.8121740627367846,"_wandb":{"runtime":636},"train/train/vib_component_mu2":0.3150753676891327}