{"_runtime":31,"train/grad_norm":1.1429693698883057,"_timestamp":1.7671766082009377e+09,"train/loss":0.8445,"train/learning_rate":2.1276595744680853e-06,"_wandb":{"runtime":31},"train/global_step":10,"_step":0,"train/epoch":0.0032}