{"total_flos":0,"trainable_params":349573120,"train/train/latent_stab_weighted":0,"trainable_percentage":9.07985420314957,"train/global_step":781,"_step":78,"all_params":3849986048,"train/train/ce_loss":4.983957114745863e-05,"train/train/vib_weighted":0,"_wandb":{"runtime":27232},"train/grad_norm":0.0008626197814010084,"train_loss":0.44197026733180467,"_runtime":27232,"train_samples_per_second":3.673,"train/loss":0.0001,"train/train/vib_logvar":-5.870743751525879,"_timestamp":1.7681279888597908e+09,"train/learning_rate":2.1528678690041493e-10,"train/train/vib_mu2":9.55581283569336,"train/train/const_weighted":0,"train_runtime":27226.6854,"train/epoch":0.99968,"train_steps_per_second":0.029,"train/train/vib_sigma2":0.002947987290099263}