{"train_samples_per_second":3.647,"train/train/vib_weighted":9.06669807434082,"train/train/vib_sigma2":0.0030752921011298895,"trainable_params":349573120,"trainable_percentage":9.07985420314957,"train_loss":8.88211293531899,"all_params":3849986048,"train_steps_per_second":0.028,"train/train/ce_loss":2.3971866539795883e-05,"_step":78,"train/train/vib_logvar":-5.847733020782471,"_runtime":27428,"train/train/vib_mu2":13.282588005065918,"train_runtime":27422.8193,"_timestamp":1.768141505141986e+09,"train/train/const_weighted":3.128600292257033e-05,"_wandb":{"runtime":27428},"train/epoch":0.99968,"train/loss":9.0275,"total_flos":0,"train/learning_rate":4.3057357380082985e-10,"train/train/latent_stab_weighted":0.01200347114354372,"train/grad_norm":0.000374637107597664,"train/global_step":781}