{"_step":2681,"_wandb":{"runtime":52149},"train/learning_rate":1.8241587962375406e-14,"train/epoch":2.9998321678321678,"train/grad_norm":1.5493041276931763,"train_loss":2.37610560785203,"train/global_step":26811,"_timestamp":1.7672978499770799e+09,"train_runtime":52149.9431,"train/loss":1.4803,"total_flos":4.155354436224418e+18,"train_samples_per_second":8.226,"train_steps_per_second":0.514,"_runtime":52149}