{"eval/best_main":0.9093137254901961,"eval/loss":0.4718886613845825,"train/train/vib_component_mu2":0.1519658863544464,"trainable_params":1510106,"_timestamp":1.7679733212012897e+09,"_wandb":{"runtime":637},"train/train/latent_stab_raw":0.013775914907455444,"train_steps_per_second":3.616,"_step":2300,"train/epoch":20,"train/train/vib_component_logvar":-5.675573348999023,"eval/f1":0.9328621908127208,"train/train/vib_component_sigma2":0.003440900705754757,"total_flos":0,"eval/main":0.9068627450980392,"_runtime":637,"train/train/const_weighted":1.992458237509709e-05,"eval/accuracy":0.9068627450980392,"eval/steps_per_second":19.217,"train/train/vib_weighted":0.24154901504516602,"train/train/ce_loss":0.0016900275368243456,"train/grad_norm":0.03269268944859505,"train_runtime":636.0374,"train/train/const_raw":0.0001992458273889497,"best_accuracy":0.9093137254901961,"train/train/latent_stab_weighted":0.013775914907455444,"trainable_percentage":0.8121740627367846,"train/train/vib_raw":2.41549015045166,"train_samples_per_second":115.339,"train/global_step":2300,"eval/samples_per_second":603.103,"train/learning_rate":0,"eval/runtime":0.6765,"all_params":185933788,"train/loss":0.2947,"train_loss":0.4039360797923544}