{"eval/samples_per_second":644.876,"train/learning_rate":0,"train/loss":0.8384,"train_samples_per_second":120.193,"_timestamp":1.7679323684524567e+09,"best_accuracy":0.7132352941176471,"eval/accuracy":0.7058823529411765,"train_runtime":610.3535,"_step":2300,"eval/f1":0.7993311036789298,"eval/loss":0.5877870917320251,"train/train/latent_stab_raw":0.013838297687470913,"all_params":186017500,"train/global_step":2300,"total_flos":0,"train/epoch":20,"eval/steps_per_second":20.548,"eval/main":0.7058823529411765,"trainable_params":1593818,"_wandb":{"runtime":611},"eval/runtime":0.6327,"train/train/ce_loss":0.5472334623336792,"train/train/vib_weighted":0.23769442737102509,"trainable_percentage":0.8568107839316194,"train/train/const_raw":0.023438289761543274,"train_steps_per_second":3.768,"train/grad_norm":4.888747215270996,"train_loss":0.8461918407937755,"_runtime":611,"train/train/vib_raw":2.3769443035125732,"eval/best_main":0.7132352941176471,"train/train/const_weighted":0.002343829022720456,"train/train/latent_stab_weighted":0.013838297687470913}