{"train/train/latent_stab_raw":0.013775914907455444,"eval/main":0.9068627450980392,"train/train/const_weighted":1.992458237509709e-05,"train/train/vib_component_logvar":-5.675573348999023,"train/epoch":20,"train/train/vib_component_mu2":0.1519658863544464,"eval/best_main":0.9093137254901961,"best_accuracy":0.9093137254901961,"_timestamp":1.7679726071211667e+09,"train_loss":0.4039360797923544,"eval/samples_per_second":598.261,"train/grad_norm":0.03269268944859505,"train/train/latent_stab_weighted":0.013775914907455444,"train/train/const_raw":0.0001992458273889497,"train/train/vib_component_sigma2":0.003440900705754757,"train/train/ce_loss":0.0016900275368243456,"_step":2300,"train/train/vib_raw":2.41549015045166,"eval/accuracy":0.9068627450980392,"total_flos":0,"eval/loss":0.4718886613845825,"train_runtime":638.1461,"trainable_params":1510106,"trainable_percentage":0.8121740627367846,"eval/runtime":0.682,"_runtime":639,"all_params":185933788,"_wandb":{"runtime":639},"train/loss":0.2947,"train/global_step":2300,"eval/f1":0.9328621908127208,"eval/steps_per_second":19.062,"train/learning_rate":0,"train_samples_per_second":114.958,"train_steps_per_second":3.604,"train/train/vib_weighted":0.24154901504516602}