{"_step":312,"train_steps_per_second":0.341,"train_samples_per_second":10.911,"total_flos":1.387263890181587e+18,"_wandb":{"runtime":9163},"_runtime":9163,"_timestamp":1.7671866215165179e+09,"train/learning_rate":1.342879096744021e-10,"train/loss":0.262,"train_runtime":9164.9326,"train/grad_norm":0.7061238288879395,"train_loss":0.29236064682006835,"train/epoch":1,"train/global_step":3125}