{"_wandb":{"runtime":634},"eval/runtime":0.6794,"train/global_step":2300,"eval/samples_per_second":600.563,"train/train/latent_stab_raw":0.013720868155360222,"train/epoch":20,"eval/main":0.8946078431372549,"_timestamp":1.7680482609478714e+09,"train/train/const_raw":0.0003457395068835467,"train/train/vib_raw":2.499178886413574,"train/learning_rate":0,"train/train/vib_component_sigma2":0.003427013987675309,"train/train/vib_component_logvar":-5.679854869842529,"trainable_params":1510106,"train/train/vib_component_mu2":0.3150753676891327,"train/train/vib_weighted":0.2499178946018219,"train_samples_per_second":115.885,"train/loss":0.3027,"train_steps_per_second":3.633,"_step":2300,"trainable_percentage":0.8121740627367846,"eval/f1":0.9244288224956063,"eval/steps_per_second":19.136,"train/train/const_weighted":3.457394996075891e-05,"best_accuracy":0.9044117647058824,"train/grad_norm":0.03731302171945572,"total_flos":0,"train/train/latent_stab_weighted":0.013720868155360222,"_runtime":634,"eval/best_main":0.9044117647058824,"train/train/ce_loss":0.002151121851056814,"eval/loss":0.5068688988685608,"eval/accuracy":0.8946078431372549,"all_params":185933788,"train_runtime":633.0395,"train_loss":0.4149900626099628}