{"avg_score":2,"_wandb":{"runtime":4422},"tokens_per_sec":7.936752370640697,"_timestamp":1.767374268632679e+09,"score/reasoning":2,"score":2,"_step":80,"generation_time":67.65991616249084,"question_index":80,"_runtime":4422.899902011,"num_tokens":537}