{"train/train/vib_component_mu2":0.22560903429985046,"train/grad_norm":0.055797599256038666,"_runtime":545,"eval/runtime":0.5987,"eval/samples_per_second":681.429,"train/epoch":20,"eval/best_main":0.9117647058823529,"train/train/vib_raw":2.444580554962158,"_step":2300,"best_accuracy":0.9117647058823529,"train/train/ce_loss":0.0009382317657582462,"train/train/const_raw":0.00035133722121827304,"_timestamp":1.7679646610363686e+09,"train_loss":0.43284770768621694,"train/learning_rate":0,"train/train/latent_stab_weighted":0.014028075151145458,"train_samples_per_second":134.641,"train_steps_per_second":4.221,"train/train/vib_weighted":0.24445806443691254,"all_params":185850076,"eval/f1":0.9222797927461139,"eval/main":0.8897058823529411,"eval/loss":0.5192285180091858,"train/train/vib_component_sigma2":0.003504606196656823,"train/loss":0.2713,"train/train/latent_stab_raw":0.014028075151145458,"eval/accuracy":0.8897058823529411,"trainable_percentage":0.7674971303213242,"train/global_step":2300,"eval/steps_per_second":21.712,"train/train/vib_component_logvar":-5.66004753112793,"train_runtime":544.8561,"train/train/const_weighted":3.5133722121827304e-05,"total_flos":0,"trainable_params":1426394,"_wandb":{"runtime":545}}