{"eval/main":0.7009803921568627,"train/train/const_weighted":0.0006668471614830196,"all_params":186017500,"eval/accuracy":0.7009803921568627,"_step":1274,"train/learning_rate":0.0001226086956521739,"_runtime":366,"train/grad_norm":2.11040997505188,"train/train/latent_stab_raw":0.013039200566709042,"eval/runtime":0.6373,"eval/f1":0.8038585209003215,"train/loss":0.8184,"train/train/vib_weighted":0.24169491231441498,"eval/steps_per_second":20.399,"train/epoch":11.826086956521738,"_timestamp":1.7679321214227684e+09,"eval/loss":0.5853078365325928,"trainable_params":1593818,"train/train/const_raw":0.00666847126558423,"eval/best_main":0.7058823529411765,"train/global_step":1360,"eval/samples_per_second":640.219,"trainable_percentage":0.8568107839316194,"train/train/ce_loss":0.4411691427230835,"_wandb":{"runtime":366},"train/train/latent_stab_weighted":0.013039200566709042,"train/train/vib_raw":2.4169490337371826}