{"all_params":3849986048,"trainable_percentage":9.07985420314957,"_timestamp":1.7680950365836098e+09,"train_samples_per_second":3.666,"_wandb":{"runtime":27284},"train/learning_rate":2.1528678690041493e-10,"train/train/const_weighted":0.00019310705829411745,"train_steps_per_second":0.029,"train/train/ce_loss":6.514752021757886e-05,"total_flos":0,"train/train/vib_logvar":-5.850728511810303,"train/global_step":781,"train_loss":1.2585264023836993,"train/epoch":0.99968,"train/loss":0.8477,"train/grad_norm":0.001106399460695684,"_runtime":27284,"trainable_params":349573120,"train/train/vib_mu2":11.901987075805664,"train_runtime":27274.7908,"train/train/latent_stab_weighted":0.01186632551252842,"train/train/vib_sigma2":0.003038802184164524,"train/train/vib_weighted":0.8377876281738281,"_step":78}