{"eval/accuracy":0.9068627450980392,"eval/runtime":0.6776,"train/loss":0.2947,"train/global_step":2300,"best_accuracy":0.9093137254901961,"train/train/latent_stab_weighted":0.013775914907455444,"eval/steps_per_second":19.184,"train_steps_per_second":3.049,"eval/loss":0.4718886613845825,"train/train/vib_weighted":0.24154901504516602,"train_runtime":754.2438,"train/train/ce_loss":0.0016900275368243456,"train_samples_per_second":97.263,"train/train/const_raw":0.0001992458273889497,"train/train/const_weighted":1.992458237509709e-05,"trainable_percentage":0.8121740627367846,"train/learning_rate":0,"eval/best_main":0.9093137254901961,"train/train/vib_component_sigma2":0.003440900705754757,"trainable_params":1510106,"train/train/vib_raw":2.41549015045166,"train/train/latent_stab_raw":0.013775914907455444,"train/train/vib_component_logvar":-5.675573348999023,"_step":2300,"_timestamp":1.7679640461518908e+09,"train/epoch":20,"_runtime":755,"train_loss":0.4039360797923544,"total_flos":0,"train/grad_norm":0.03269268944859505,"eval/samples_per_second":602.081,"eval/main":0.9068627450980392,"all_params":185933788,"eval/f1":0.9328621908127208,"train/train/vib_component_mu2":0.1519658863544464,"_wandb":{"runtime":755}}