{"avg_score":0,"_wandb":{"runtime":4523},"_runtime":4523.466755254,"_step":80,"_timestamp":1.767335480580427e+09,"question_index":80,"num_tokens":537,"generation_time":62.454394817352295,"tokens_per_sec":8.598274013709604}