{"gsm8k/correct":0,"gsm8k/accuracy":0.02702702702702703,"gsm8k/total":407,"_wandb":{"runtime":18883},"_runtime":18883.397749536,"_timestamp":1.7675346515681372e+09,"_step":407}