{"total_flos":0,"train/train/vib_logvar":-5.916239261627197,"_step":893,"_runtime":35998,"train/epoch":0.999944055944056,"train_steps_per_second":0.248,"trainable_percentage":9.07985420314957,"train/train/vib_mu2":15.215641021728516,"train_runtime":35992.4053,"train/train/const_weighted":9.353688255941961e-06,"train_samples_per_second":3.973,"train/grad_norm":6.926356581971049e-05,"train/train/vib_weighted":1.0067435503005981,"train/train/latent_stab_weighted":0.011278489604592323,"train/train/vib_sigma2":0.0029918074142187834,"train/train/ce_loss":1.5795103536220267e-06,"train/loss":3.3306,"train_loss":3.6663884923430623,"train/learning_rate":1.6091546917729183e-10,"trainable_params":349573120,"_timestamp":1.7681038071136005e+09,"_wandb":{"runtime":35998},"train/global_step":8937,"all_params":3849986048}