{"_timestamp":1.7675332681912787e+09,"_step":2,"_wandb":{"runtime":83},"_runtime":83.547492366,"gsm8k/correct":0,"gsm8k/accuracy":0,"gsm8k/total":2}