{"train/loss/ce":0.5195593237876892,"train/loss/vib":678.2714233398438,"train/train/const_loss":0,"train/loss":1.1077,"_wandb":{"runtime":54921},"train/loss/const":0.02231430821120739,"train_samples_per_second":2.604,"train/global_step":8937,"_step":8045,"train/learning_rate":8.045773458864592e-11,"train/epoch":0.999944055944056,"train_steps_per_second":0.163,"train/loss/latent_stab":0.008950970135629177,"train_loss":1.1893550518096074,"train/grad_norm":1.0976195335388184,"train_runtime":54922.7659,"_timestamp":1.76784371986206e+09,"train/train/vib_loss":0,"train/train/ce_loss":0,"_runtime":54921,"total_flos":1.5170846432648233e+18}