{"_timestamp":1.7677088112278295e+09,"_step":100,"_runtime":1540.385859111,"_wandb":{"runtime":1540},"gsm8k/accuracy":0.02}